filename,width,height,class,xmin,ymin,xmax,ymax
IMG_2385.JPG,378,504,king,92,183,223,348
IMG_2386.JPG,378,504,ace,109,165,251,344
IMG_2388.JPG,378,504,king,69,220,228,406
IMG_2389.JPG,378,504,ace,118,205,246,384
IMG_2390.JPG,378,504,ace,106,191,243,382
IMG_2392.JPG,378,504,nine,129,167,242,330
IMG_2393.JPG,378,504,nine,108,143,278,377
IMG_2394.JPG,378,504,nine,134,233,228,352
IMG_2396.JPG,378,504,nine,126,172,254,350
IMG_2397.JPG,378,504,ten,123,191,266,384
IMG_2398.JPG,378,504,jack,114,184,264,375
IMG_2399.JPG,378,504,queen,111,170,252,364
IMG_2400.JPG,378,504,queen,92,141,244,348
IMG_2401.JPG,378,504,queen,105,208,249,398
IMG_2402.JPG,378,504,queen,130,205,252,371
IMG_2404.JPG,378,504,jack,121,228,215,360
IMG_2405.JPG,378,504,jack,82,276,175,401
IMG_2406.JPG,378,504,ten,189,207,311,367
IMG_2407.JPG,378,504,jack,128,196,243,357
IMG_2408.JPG,378,504,jack,137,224,275,411
IMG_2409.JPG,378,504,ten,74,295,169,429
IMG_2410.JPG,378,504,ten,104,195,237,372
IMG_2411.JPG,378,504,jack,167,203,320,415
IMG_2412.JPG,378,504,ten,40,122,205,343
IMG_2413.JPG,378,504,nine,81,177,269,435
IMG_2414.JPG,378,504,nine,103,128,322,436
IMG_2415.JPG,378,504,nine,45,203,197,408
IMG_2416.JPG,378,504,ten,108,164,291,406
IMG_2417.JPG,378,504,nine,47,149,286,434
IMG_2418.JPG,378,504,ace,124,126,242,284
IMG_2419.JPG,378,504,queen,118,143,315,415
IMG_2420.JPG,378,504,ace,69,172,229,398
IMG_2421.JPG,378,504,king,33,274,157,443
IMG_2422.JPG,378,504,queen,95,193,266,431
IMG_2423.JPG,378,504,ace,175,86,291,239
IMG_2424.JPG,378,504,ace,69,236,168,368
IMG_2425.JPG,378,504,king,206,117,319,272
IMG_2426.JPG,378,504,queen,118,282,234,453
IMG_2427.JPG,378,504,queen,75,245,193,408
IMG_2428.JPG,378,504,jack,136,205,245,349
IMG_2429.JPG,378,504,king,89,232,204,383
IMG_2430.JPG,378,504,king,87,284,196,433
IMG_2431.JPG,378,504,jack,59,217,196,365
IMG_2434.JPG,378,504,ace,121,349,282,469
IMG_2437.JPG,378,504,ten,101,241,266,361
IMG_2439.JPG,378,504,king,33,252,164,410
IMG_2441.JPG,378,504,queen,126,215,314,412
IMG_2443.JPG,378,504,jack,208,267,333,438
IMG_2445.JPG,378,504,queen,163,224,320,380
IMG_2446.JPG,378,504,ace,112,199,287,365
IMG_2447.JPG,378,504,ace,142,232,254,320
IMG_2448.JPG,378,504,ace,157,124,285,260
IMG_2449.JPG,378,504,nine,128,327,256,431
IMG_2450.JPG,378,504,king,109,286,231,417
IMG_2451.JPG,378,504,ten,111,171,283,377
IMG_2452.JPG,378,504,nine,196,164,314,294
IMG_2453.JPG,378,504,queen,63,215,178,358
IMG_2454.JPG,378,504,nine,132,200,237,351
IMG_2455.JPG,378,504,jack,33,113,213,285
IMG_2456.JPG,378,504,ten,41,172,200,340
IMG_2457.JPG,378,504,jack,129,209,264,371
IMG_2458.JPG,378,504,nine,126,200,265,365
IMG_2459.JPG,378,504,nine,92,210,218,365
IMG_2460.JPG,378,504,queen,66,232,187,386
IMG_2462.JPG,378,504,ten,162,204,293,389
IMG_2464.JPG,378,504,king,27,85,174,261
IMG_2465.JPG,378,504,king,27,89,172,264
IMG_2466.JPG,378,504,ten,81,274,223,479
IMG_2467.JPG,378,504,ten,82,273,225,482
IMG_2468.JPG,378,504,jack,171,197,349,320
IMG_2469.JPG,378,504,jack,175,198,349,319
IMG_2471.JPG,378,504,nine,99,183,254,392
IMG_2472.JPG,378,504,nine,97,183,248,391
IMG_2473.JPG,378,504,ace,38,279,221,416
IMG_2474.JPG,378,504,ace,37,277,223,414
IMG_2475.JPG,378,504,ace,110,258,268,481
IMG_2477.JPG,378,504,queen,65,222,214,412
IMG_2478.JPG,378,504,ten,83,233,288,432
IMG_2480.JPG,378,504,king,55,90,332,362
IMG_2481.JPG,378,504,jack,29,181,182,323
IMG_2483.JPG,378,504,king,136,187,330,388
IMG_2484.JPG,378,504,queen,80,159,219,340
IMG_2486.JPG,378,504,king,17,257,157,405
IMG_2487.JPG,378,504,ten,43,320,167,407
IMG_2488.JPG,378,504,queen,51,324,137,440
IMG_2489.JPG,378,504,queen,180,204,324,397
IMG_2490.JPG,378,504,jack,201,241,310,371
IMG_2491.JPG,378,504,nine,21,250,131,395
IMG_2492.JPG,378,504,ace,56,303,206,464
IMG_2493.JPG,378,504,ten,41,152,189,271
IMG_2494.JPG,378,504,king,109,297,260,469
IMG_2495.JPG,378,504,ten,40,108,222,241
IMG_2496.JPG,378,504,nine,2,100,153,233
IMG_2497.JPG,378,504,queen,160,243,282,395
IMG_2498.JPG,378,504,jack,193,217,314,355
IMG_2499.JPG,378,504,queen,60,211,205,367
IMG_2500.JPG,378,504,ace,255,199,351,330
IMG_2501.JPG,378,504,jack,163,43,265,192
IMG_2502.JPG,378,504,ace,80,187,262,382
IMG_2503.JPG,378,504,ace,96,212,256,334
IMG_2504.JPG,378,504,nine,150,271,285,444
IMG_2505.JPG,378,504,ten,151,183,267,365
IMG_2506.JPG,378,504,nine,128,213,301,379
IMG_2507.JPG,378,504,king,25,194,134,325
IMG_2508.JPG,378,504,jack,186,281,334,421
IMG_2509.JPG,378,504,king,95,243,222,374
IMG_2511.JPG,378,504,nine,22,236,168,385
IMG_2512.JPG,378,504,ace,221,245,354,362
IMG_2513.JPG,378,504,jack,102,171,261,383
IMG_2514.JPG,378,504,queen,180,55,297,214
IMG_2515.JPG,378,504,jack,56,172,226,369
IMG_2516.JPG,378,504,nine,132,182,301,377
IMG_2517.JPG,378,504,ace,88,295,252,432
IMG_2518.JPG,378,504,king,66,146,229,336
IMG_2519.JPG,378,504,nine,39,215,233,452
IMG_2520.JPG,378,504,ten,144,194,292,435
IMG_2521.JPG,378,504,king,18,220,123,364
IMG_2522.JPG,378,504,ten,95,122,239,244
IMG_2523.JPG,378,504,ace,147,206,267,325
IMG_2524.JPG,378,504,ten,72,208,245,410
IMG_2525.JPG,378,504,king,191,225,319,384
IMG_2526.JPG,378,504,queen,55,201,217,319
IMG_2527.JPG,378,504,jack,45,67,238,216
IMG_2528.JPG,378,504,nine,37,90,244,275
IMG_2529.JPG,378,504,ten,176,309,265,473
IMG_2533.JPG,378,504,queen,231,298,361,453
IMG_2535.JPG,378,504,ten,107,218,204,418
IMG_2536.JPG,378,504,king,111,115,223,194
IMG_2537.JPG,378,504,ten,148,186,301,298
IMG_2538.JPG,378,504,nine,146,171,304,331
IMG_2542.JPG,378,504,ace,142,180,226,373
IMG_2543.JPG,378,504,king,121,71,300,248
IMG_2545.JPG,378,504,ten,193,170,297,310
IMG_2546.JPG,378,504,ace,127,214,240,352
IMG_2548.JPG,378,504,jack,76,184,162,421
IMG_2549.JPG,378,504,jack,7,268,232,396
IMG_2551.JPG,378,504,ace,78,271,192,417
IMG_2552.JPG,378,504,ace,92,119,271,384
IMG_2553.JPG,378,504,jack,128,245,243,430
IMG_2556.JPG,378,504,queen,74,195,201,386
IMG_2689.JPG,378,504,ace,94,143,273,388
IMG_2690.JPG,378,504,king,108,123,299,384
IMG_2691.JPG,378,504,nine,97,123,299,401
IMG_2692.JPG,378,504,king,88,121,300,414
IMG_2693.JPG,378,504,jack,93,134,309,431
IMG_2694.JPG,378,504,jack,89,117,303,415
IMG_2695.JPG,378,504,king,73,110,304,426
IMG_2696.JPG,378,504,nine,69,104,320,449
IMG_2697.JPG,378,504,king,57,105,297,438
IMG_2698.JPG,378,504,nine,80,114,302,421
IMG_2699.JPG,378,504,ace,93,112,318,427
IMG_2700.JPG,378,504,ace,74,105,303,425
IMG_2701.JPG,378,504,jack,64,102,313,453
IMG_2702.JPG,378,504,nine,85,133,290,419
IMG_2703.JPG,378,504,ace,82,152,277,422
IMG_2704.JPG,378,504,jack,70,110,301,426
scaled_20200807_084647.jpg,378,504,queen,119,172,292,410
scaled_20200807_084649.jpg,378,504,queen,101,168,276,409
scaled_20200807_084651.jpg,378,504,queen,75,160,266,422
scaled_20200807_084749.jpg,378,504,queen,154,194,252,326
scaled_20200807_084801.jpg,378,504,queen,159,188,281,372
scaled_20200807_084805.jpg,378,504,queen,142,107,322,361
scaled_20200807_084808.jpg,378,504,queen,118,147,267,356
scaled_20200807_084827.jpg,378,504,queen,89,90,216,247
scaled_20200807_084830.jpg,378,504,queen,142,89,269,256
scaled_20200807_084832.jpg,378,504,queen,181,68,330,276
scaled_20200807_084920.jpg,378,504,queen,95,114,326,397
scaled_20200807_084923.jpg,378,504,queen,62,75,306,396
scaled_20200807_084926.jpg,378,504,queen,7,69,290,438
scaled_20200807_084930.jpg,378,504,queen,36,96,242,381
scaled_20200807_084955.jpg,378,504,queen,119,144,228,294
scaled_20200807_085001.jpg,378,504,queen,137,161,248,295
scaled_20200807_085003.jpg,378,504,queen,43,81,251,326
scaled_20200807_085035.jpg,378,504,queen,126,203,279,403
scaled_20200807_085041.jpg,378,504,queen,25,173,183,373
scaled_20200807_085045.jpg,378,504,queen,97,146,220,310
scaled_20200807_085048.jpg,378,504,queen,80,155,231,355
scaled_20200807_085143.jpg,378,504,queen,93,84,309,370
scaled_20200807_085147.jpg,378,504,queen,15,89,226,384
scaled_20200807_102909.jpg,378,504,ace,205,237,376,481
scaled_20200807_102915.jpg,378,504,jack,40,49,140,169
scaled_20200807_102948.jpg,378,504,jack,76,421,127,478
scaled_20200807_102955.jpg,378,504,nine,145,433,186,492
scaled_20200807_102959.jpg,378,504,ten,84,401,128,470
scaled_20200807_103011.jpg,378,504,nine,120,282,165,331
scaled_20200807_103020.jpg,378,504,nine,41,23,203,223
scaled_20200807_103027.jpg,378,504,jack,86,212,121,260
scaled_20200807_103033.jpg,378,504,king,123,282,189,366
scaled_20200807_103036.jpg,378,504,king,124,94,284,272
scaled_20200807_103044.jpg,378,504,king,166,240,253,360
scaled_20200807_103046.jpg,378,504,king,102,299,189,419
scaled_20200807_103200.jpg,378,504,ace,77,220,167,335
scaled_20200807_103214.jpg,378,504,ten,152,173,230,265
scaled_20200807_103224.jpg,378,504,nine,150,259,199,318
scaled_20200807_103405.jpg,378,504,ten,117,155,257,299
scaled_20200807_103410.jpg,378,504,ten,123,246,205,344
scaled_20200807_103619.jpg,378,504,nine,130,194,208,281
scaled_20200807_103633.jpg,378,504,ace,123,224,203,332
scaled_20200807_103636.jpg,378,504,ace,111,154,235,306
scaled_20200807_103645.jpg,378,504,ace,49,110,119,181
scaled_20200807_103649.jpg,378,504,ten,100,231,202,333
scaled_20200807_103654.jpg,378,504,jack,159,286,238,380
scaled_20200807_103702.jpg,378,504,jack,204,319,240,365
scaled_20200807_103708.jpg,378,504,ten,137,233,267,403
scaled_20200807_103719.jpg,378,504,jack,228,299,263,346
scaled_20200807_103723.jpg,378,504,nine,86,355,124,400
scaled_20200807_103730.jpg,378,504,jack,157,300,209,372
scaled_20200807_103732.jpg,378,504,nine,155,313,193,359
scaled_20200807_103751.jpg,378,504,ace,111,130,273,335
scaled_20200807_103852.jpg,378,504,nine,169,232,240,322
scaled_20200807_103856.jpg,378,504,king,60,222,224,419
scaled_20200807_103858.jpg,378,504,king,128,203,183,267
scaled_20200807_103902.jpg,378,504,king,143,209,234,321
scaled_20200807_103906.jpg,378,504,ten,129,189,205,290
scaled_20200807_104106.jpg,378,504,ten,147,215,203,288
scaled_20200807_104113.jpg,378,504,ten,79,133,219,310
scaled_20200807_104119.jpg,378,504,king,139,123,262,296
scaled_20200807_104126.jpg,378,504,nine,128,265,171,314
scaled_20200807_104138.jpg,378,504,king,102,153,216,304
scaled_20200807_104320.jpg,378,504,ten,47,136,255,369
scaled_20200807_104322.jpg,378,504,ace,72,142,240,343
scaled_20200807_104325.jpg,378,504,ten,108,172,189,274
scaled_20200807_104356.jpg,378,504,jack,88,110,299,379
scaled_20200807_104402.jpg,378,504,nine,93,127,322,428
scaled_20200807_104427.jpg,378,504,ace,197,135,365,340
scaled_20200807_104432.jpg,378,504,nine,203,226,242,279
scaled_20200807_120510.jpg,378,504,nine,250,284,310,357
scaled_20200807_120518.jpg,378,504,nine,152,346,223,428
scaled_20200807_120550.jpg,378,504,nine,107,365,170,451
scaled_20200807_120554.jpg,378,504,nine,111,152,310,395
scaled_20200807_120625.jpg,378,504,nine,144,171,276,339
scaled_20200807_120627.jpg,378,504,nine,147,194,288,333
scaled_20200807_120630.jpg,378,504,nine,90,194,234,403
scaled_20200807_120711.jpg,378,504,nine,134,201,237,334
scaled_20200807_120713.jpg,378,504,nine,124,196,258,355
scaled_20200807_120715.jpg,378,504,nine,153,250,279,413
scaled_20200807_120719.jpg,378,504,nine,142,143,220,208
scaled_20200807_120743.jpg,378,504,nine,89,169,222,320
scaled_20200807_120744.jpg,378,504,nine,100,101,269,304
scaled_20200807_120749.jpg,378,504,nine,76,118,298,381
scaled_20200807_120930.jpg,378,504,ace,149,280,213,354
scaled_20200807_120932.jpg,378,504,ace,86,375,156,468
scaled_20200807_120937.jpg,378,504,ace,139,97,198,162
scaled_20200807_120940.jpg,378,504,ace,158,208,189,248
scaled_20200807_121035.jpg,378,504,ace,116,183,236,333
scaled_20200807_121044.jpg,378,504,ace,99,144,307,406
scaled_20200807_121110.jpg,378,504,ace,134,255,203,351
scaled_20200807_121112.jpg,378,504,ace,160,249,231,342
scaled_20200807_121117.jpg,378,504,ace,107,198,270,395
scaled_20200807_121140.jpg,378,504,ace,69,123,285,384
scaled_20200807_121202.jpg,378,504,ace,15,102,140,244
scaled_20200807_121205.jpg,378,504,ace,230,2,357,179
scaled_20200807_121613.jpg,378,504,ten,100,172,265,388
scaled_20200807_121614.jpg,378,504,ten,57,166,282,427
scaled_20200807_121617.jpg,378,504,ten,129,221,228,339
scaled_20200807_121618.jpg,378,504,ten,55,149,337,462
scaled_20200807_121643.jpg,378,504,ten,136,194,242,314
scaled_20200807_121646.jpg,378,504,ten,140,281,283,462
scaled_20200807_121652.jpg,378,504,ten,105,74,288,304
scaled_20200807_121748.jpg,378,504,ten,99,223,290,459
scaled_20200807_121750.jpg,378,504,ten,126,161,247,330
scaled_20200807_121757.jpg,378,504,ten,131,111,256,234
scaled_20200807_121847.jpg,378,504,ten,86,129,314,382
scaled_20200807_121849.jpg,378,504,ten,54,156,295,433
scaled_20200807_121851.jpg,378,504,ten,105,97,313,358
scaled_20200807_121853.jpg,378,504,ten,28,288,169,460
scaled_20200807_122034.jpg,378,504,king,115,155,226,288
scaled_20200807_122038.jpg,378,504,king,153,184,266,320
scaled_20200807_122042.jpg,378,504,king,5,336,128,499
scaled_20200807_122044.jpg,378,504,king,28,97,146,264
scaled_20200807_122141.jpg,378,504,king,59,114,211,322
scaled_20200807_122143.jpg,378,504,king,150,150,299,367
scaled_20200807_122145.jpg,378,504,king,157,217,265,369
scaled_20200807_122149.jpg,378,504,king,82,247,268,462
scaled_20200807_122231.jpg,378,504,king,205,145,345,317
scaled_20200807_122313.jpg,378,504,king,98,292,248,504
scaled_20200807_122315.jpg,378,504,king,65,326,175,438
scaled_20200807_122318.jpg,378,504,king,139,352,221,451
scaled_20200807_122423.jpg,378,504,jack,125,262,190,355
scaled_20200807_122521.jpg,378,504,jack,86,229,243,403
scaled_20200807_122538.jpg,378,504,jack,114,41,238,213
scaled_20200807_122554.jpg,378,504,jack,102,173,280,407
scaled_20200807_122558.jpg,378,504,jack,110,158,241,346
scaled_20200807_122612.jpg,378,504,jack,120,150,266,324
scaled_20200807_122624.jpg,378,504,jack,120,224,280,406
scaled_20200807_122628.jpg,378,504,jack,172,79,291,243
scaled_20200807_122629.jpg,378,504,jack,126,101,231,239
scaled_20200807_122643.jpg,378,504,jack,146,233,232,349
scaled_20200807_122656.jpg,378,504,jack,230,322,276,384
scaled_20200807_122710.jpg,378,504,jack,152,258,221,347
scaled_20200807_122725.jpg,378,504,jack,76,230,207,394
scaled_20200807_122746.jpg,378,504,jack,128,247,225,357
scaled_20200807_122751.jpg,378,504,jack,192,371,262,447
scaled_20200812_113715.jpg,378,504,ace,133,181,241,330
scaled_20200812_113718.jpg,378,504,ace,6,166,124,332
scaled_20200812_113724.jpg,378,504,ace,257,181,370,335
scaled_20200812_113751.jpg,378,504,ace,128,172,255,345
scaled_20200812_113756.jpg,378,504,ace,131,6,253,171
scaled_20200812_113801.jpg,378,504,ace,3,165,129,334
scaled_20200812_113805.jpg,378,504,ace,250,169,372,336
scaled_20200812_113811.jpg,378,504,ace,128,343,241,500
scaled_20200812_113841.jpg,378,504,ace,133,170,253,333
scaled_20200812_113849.jpg,378,504,ace,128,331,245,497
scaled_20200812_113853.jpg,378,504,ace,254,170,376,335
scaled_20200812_113857.jpg,378,504,ace,139,16,259,176
scaled_20200812_113952.jpg,378,504,ace,125,177,247,341
scaled_20200812_113955.jpg,378,504,ace,6,161,127,330
scaled_20200812_114001.jpg,378,504,ace,258,173,378,337
scaled_20200812_114005.jpg,378,504,ace,129,11,248,168
scaled_20200812_114022.jpg,378,504,king,135,185,243,336
scaled_20200812_114027.jpg,378,504,king,6,180,122,338
scaled_20200812_114042.jpg,378,504,king,259,189,378,354
scaled_20200812_114048.jpg,378,504,king,139,12,258,169
scaled_20200812_114108.jpg,378,504,king,4,166,124,331
scaled_20200812_114113.jpg,378,504,king,128,337,246,504
scaled_20200812_114117.jpg,378,504,king,257,167,378,331
scaled_20200812_114121.jpg,378,504,king,134,8,255,166
scaled_20200812_114135.jpg,378,504,king,125,173,246,337
scaled_20200812_114139.jpg,378,504,king,5,173,127,340
scaled_20200812_114147.jpg,378,504,king,257,186,368,339
scaled_20200812_114150.jpg,378,504,king,130,20,248,168
scaled_20200812_114201.jpg,378,504,king,132,165,243,312
scaled_20200812_114212.jpg,378,504,king,257,158,378,325
scaled_20200812_114216.jpg,378,504,king,127,4,254,169
scaled_20200812_114229.jpg,378,504,queen,135,172,251,330
scaled_20200812_114232.jpg,378,504,queen,3,173,122,332
scaled_20200812_114236.jpg,378,504,queen,138,340,253,504
scaled_20200812_114243.jpg,378,504,queen,130,19,251,177
scaled_20200812_114307.jpg,378,504,queen,1,166,129,338
scaled_20200812_114311.jpg,378,504,queen,126,329,248,499
scaled_20200812_114318.jpg,378,504,queen,250,168,378,336
scaled_20200812_114343.jpg,378,504,queen,130,335,251,504
scaled_20200812_114347.jpg,378,504,queen,257,166,378,329
scaled_20200812_114352.jpg,378,504,queen,131,19,254,173
scaled_20200812_114401.jpg,378,504,queen,128,162,251,326
scaled_20200812_114404.jpg,378,504,queen,5,161,128,329
scaled_20200812_114407.jpg,378,504,queen,128,329,247,495
scaled_20200812_114409.jpg,378,504,queen,246,178,364,338
scaled_20200812_114436.jpg,378,504,jack,130,168,249,330
scaled_20200812_114440.jpg,378,504,jack,3,169,124,334
scaled_20200812_114443.jpg,378,504,jack,131,337,245,498
scaled_20200812_114446.jpg,378,504,jack,257,177,371,333
scaled_20200812_114449.jpg,378,504,jack,123,8,248,170
scaled_20200812_114457.jpg,378,504,jack,126,172,243,329
scaled_20200812_114500.jpg,378,504,jack,6,174,119,328
scaled_20200812_114502.jpg,378,504,jack,132,345,241,501
scaled_20200812_114505.jpg,378,504,jack,258,175,368,323
scaled_20200812_114508.jpg,378,504,jack,132,16,252,169
scaled_20200812_114518.jpg,378,504,jack,5,172,127,337
scaled_20200812_114521.jpg,378,504,jack,128,333,242,494
scaled_20200812_114525.jpg,378,504,jack,260,177,370,325
scaled_20200812_114529.jpg,378,504,jack,131,15,248,166
scaled_20200812_114537.jpg,378,504,jack,138,174,247,322
scaled_20200812_114540.jpg,378,504,jack,8,165,124,325
scaled_20200812_114543.jpg,378,504,jack,140,330,248,486
scaled_20200812_114547.jpg,378,504,jack,261,178,372,325
scaled_20200812_114602.jpg,378,504,ten,3,166,119,322
scaled_20200812_114606.jpg,378,504,ten,131,335,247,496
scaled_20200812_114608.jpg,378,504,ten,252,175,372,333
scaled_20200812_114611.jpg,378,504,ten,131,23,240,163
scaled_20200812_114619.jpg,378,504,ten,126,162,246,320
scaled_20200812_114622.jpg,378,504,ten,9,168,130,335
scaled_20200812_114625.jpg,378,504,ten,138,326,260,496
scaled_20200812_114629.jpg,378,504,ten,254,181,373,343
scaled_20200812_114633.jpg,378,504,ten,129,10,250,162
scaled_20200812_114641.jpg,378,504,ten,126,167,246,327
scaled_20200812_114646.jpg,378,504,ten,135,327,250,488
scaled_20200812_114649.jpg,378,504,ten,255,181,373,334
scaled_20200812_114652.jpg,378,504,ten,132,12,247,158
scaled_20200812_114701.jpg,378,504,ten,128,170,242,321
scaled_20200812_114707.jpg,378,504,ten,133,330,246,488
scaled_20200812_114710.jpg,378,504,ten,258,163,377,320
scaled_20200812_114713.jpg,378,504,ten,130,10,248,158
scaled_20200812_114725.jpg,378,504,nine,129,153,251,315
scaled_20200812_114741.JPG,378,504,nine,253,170,370,320
scaled_20200812_114747.jpg,378,504,nine,131,170,246,328
scaled_20200812_114751.jpg,378,504,nine,6,175,123,335
scaled_20200812_114754.jpg,378,504,nine,133,340,243,496
scaled_20200812_114757.jpg,378,504,nine,249,179,362,327
scaled_20200812_114759.jpg,378,504,nine,133,15,250,167
scaled_20200812_114808.jpg,378,504,nine,135,172,247,324
scaled_20200812_114810.jpg,378,504,nine,12,177,123,326
scaled_20200812_114812.jpg,378,504,nine,136,338,241,486
scaled_20200812_114815.jpg,378,504,nine,259,176,365,317
scaled_20200812_114818.jpg,378,504,nine,137,14,255,166
scaled_20200812_114828.jpg,378,504,nine,5,180,117,333
scaled_20200812_114831.jpg,378,504,nine,134,338,244,492
scaled_20200812_114836.jpg,378,504,nine,251,163,375,326
scaled_20200812_114838.jpg,378,504,nine,131,20,249,169
scaled_20200812_121030.jpg,378,504,ace,128,177,242,331
scaled_20200812_121039.jpg,378,504,ace,138,11,250,157
scaled_20200812_121049.jpg,378,504,ace,135,330,251,492
scaled_20200812_121056.jpg,378,504,ace,1,161,119,320
scaled_20200812_121106.jpg,378,504,ace,253,159,369,320
scaled_20200812_121113.jpg,378,504,ace,12,6,139,172
scaled_20200812_121118.jpg,378,504,ace,245,336,362,500
scaled_20200812_121509.jpg,378,504,ace,134,162,246,316
scaled_20200812_121518.jpg,378,504,ace,122,320,241,488
scaled_20200812_121525.jpg,378,504,ace,5,157,120,314
scaled_20200812_121535.jpg,378,504,ace,9,2,135,158
scaled_20200812_121543.jpg,378,504,ace,5,310,128,481
scaled_20200812_121550.jpg,378,504,ace,230,316,355,494
scaled_20200812_121624.jpg,378,504,ace,130,176,239,323
scaled_20200812_121629.jpg,378,504,ace,133,12,242,156
scaled_20200812_121634.jpg,378,504,ace,131,337,248,497
scaled_20200812_121642.jpg,378,504,ace,6,162,121,316
scaled_20200812_121649.jpg,378,504,ace,255,14,375,170
scaled_20200812_121653.jpg,378,504,ace,15,10,142,176
scaled_20200812_121658.jpg,378,504,ace,10,301,146,490
scaled_20200812_121705.jpg,378,504,ace,247,324,370,497
scaled_20200812_121729.jpg,378,504,ace,134,178,245,326
scaled_20200812_121737.jpg,378,504,ace,144,10,251,154
scaled_20200812_121742.jpg,378,504,ace,132,326,247,486
scaled_20200812_121754.jpg,378,504,ace,254,156,366,305
scaled_20200812_121759.jpg,378,504,ace,250,14,364,163
scaled_20200812_121804.jpg,378,504,ace,18,6,139,160
scaled_20200812_121810.jpg,378,504,ace,9,322,133,494
scaled_20200812_121815.jpg,378,504,ace,250,334,360,494
scaled_20200812_121836.jpg,378,504,king,139,169,240,309
scaled_20200812_121848.jpg,378,504,king,133,333,247,497
scaled_20200812_121854.jpg,378,504,king,15,140,127,293
scaled_20200812_121857.jpg,378,504,king,252,179,363,331
scaled_20200812_121903.jpg,378,504,king,251,10,369,164
scaled_20200812_121907.jpg,378,504,king,15,1,142,162
scaled_20200812_121918.jpg,378,504,king,235,317,362,495
scaled_20200812_121936.jpg,378,504,king,140,156,246,300
scaled_20200812_121944.jpg,378,504,king,141,15,241,153
scaled_20200812_121955.jpg,378,504,king,133,336,241,489
scaled_20200812_122004.jpg,378,504,king,243,160,361,322
scaled_20200812_122015.jpg,378,504,king,13,7,136,169
scaled_20200812_122018.jpg,378,504,king,3,313,128,491
scaled_20200812_122023.jpg,378,504,king,241,308,372,491
scaled_20200812_122052.jpg,378,504,king,133,6,241,151
scaled_20200812_122057.jpg,378,504,king,134,328,244,485
scaled_20200812_122103.jpg,378,504,king,14,143,128,299
scaled_20200812_122108.jpg,378,504,king,254,177,367,329
scaled_20200812_122113.jpg,378,504,king,248,15,370,172
scaled_20200812_122116.jpg,378,504,king,18,10,145,181
scaled_20200812_122121.jpg,378,504,king,10,310,129,477
scaled_20200812_122148.jpg,378,504,king,135,171,241,316
scaled_20200812_122153.jpg,378,504,king,140,16,247,157
scaled_20200812_122159.jpg,378,504,king,134,333,249,492
scaled_20200812_122204.jpg,378,504,king,11,156,114,299
scaled_20200812_122215.jpg,378,504,king,254,9,369,155
scaled_20200812_122221.jpg,378,504,king,10,3,127,162
scaled_20200812_122236.jpg,378,504,king,251,312,378,488
scaled_20200812_122255.jpg,378,504,queen,137,172,243,316
scaled_20200812_122310.jpg,378,504,queen,136,338,247,489
scaled_20200812_122318.jpg,378,504,queen,10,145,122,297
scaled_20200812_122328.jpg,378,504,queen,253,3,377,159
scaled_20200812_122332.jpg,378,504,queen,15,7,138,168
scaled_20200812_122336.jpg,378,504,queen,9,321,129,488
scaled_20200812_122406.jpg,378,504,queen,134,173,247,324
scaled_20200812_122411.jpg,378,504,queen,137,10,248,154
scaled_20200812_122420.jpg,378,504,queen,129,336,241,492
scaled_20200812_122426.jpg,378,504,queen,12,175,125,326
scaled_20200812_122429.jpg,378,504,queen,252,184,367,337
scaled_20200812_122434.jpg,378,504,queen,257,7,378,166
scaled_20200812_122438.jpg,378,504,queen,1,11,125,175
scaled_20200812_122443.jpg,378,504,queen,10,328,131,494
scaled_20200812_122450.jpg,378,504,queen,246,339,370,504
scaled_20200812_122505.jpg,378,504,queen,133,178,235,320
scaled_20200812_122511.jpg,378,504,queen,132,19,238,164
scaled_20200812_122518.jpg,378,504,queen,131,361,235,504
scaled_20200812_122525.jpg,378,504,queen,12,157,129,312
scaled_20200812_122528.jpg,378,504,queen,243,165,360,322
scaled_20200812_122537.jpg,378,504,queen,12,10,138,180
scaled_20200812_122542.jpg,378,504,queen,11,332,125,491
scaled_20200812_122606.jpg,378,504,queen,128,171,235,314
scaled_20200812_122613.jpg,378,504,queen,133,7,241,150
scaled_20200812_122621.jpg,378,504,queen,137,327,251,487
scaled_20200812_122627.jpg,378,504,queen,5,146,115,297
scaled_20200812_122631.jpg,378,504,queen,249,161,368,321
scaled_20200812_122636.jpg,378,504,queen,252,18,376,183
scaled_20200812_122645.jpg,378,504,queen,6,316,122,474
scaled_20200812_122649.jpg,378,504,queen,257,327,378,498
scaled_20200812_122716.jpg,378,504,jack,133,173,241,319
scaled_20200812_122721.jpg,378,504,jack,128,3,237,152
scaled_20200812_122731.jpg,378,504,jack,7,158,115,306
scaled_20200812_122734.jpg,378,504,jack,241,165,356,319
scaled_20200812_122738.jpg,378,504,jack,255,7,378,167
scaled_20200812_122745.jpg,378,504,jack,10,335,123,489
scaled_20200812_122750.jpg,378,504,jack,250,324,370,495
scaled_20200812_122819.jpg,378,504,jack,134,173,246,326
scaled_20200812_122823.jpg,378,504,jack,130,12,238,155
scaled_20200812_122828.jpg,378,504,jack,128,342,238,498
scaled_20200812_122831.jpg,378,504,jack,7,159,118,308
scaled_20200812_122834.jpg,378,504,jack,245,156,358,309
scaled_20200812_122838.jpg,378,504,jack,247,7,371,165
scaled_20200812_122843.jpg,378,504,jack,12,6,137,174
scaled_20200812_122848.jpg,378,504,jack,9,333,122,489
scaled_20200812_122852.jpg,378,504,jack,254,328,368,488
scaled_20200812_122910.jpg,378,504,jack,145,186,247,328
scaled_20200812_122914.jpg,378,504,jack,145,7,248,143
scaled_20200812_122924.jpg,378,504,jack,9,165,120,319
scaled_20200812_122927.jpg,378,504,jack,258,178,367,327
scaled_20200812_122931.jpg,378,504,jack,252,13,372,170
scaled_20200812_122934.jpg,378,504,jack,15,10,136,166
scaled_20200812_122936.jpg,378,504,jack,16,335,126,494
scaled_20200812_122940.jpg,378,504,jack,256,334,374,504
scaled_20200812_122957.jpg,378,504,jack,138,187,240,328
scaled_20200812_123000.jpg,378,504,jack,136,2,247,151
scaled_20200812_123005.jpg,378,504,jack,128,330,244,492
scaled_20200812_123009.jpg,378,504,jack,12,155,128,313
scaled_20200812_123014.jpg,378,504,jack,243,158,364,317
scaled_20200812_123019.jpg,378,504,jack,241,14,368,178
scaled_20200812_123023.jpg,378,504,jack,7,4,134,175
scaled_20200812_123027.jpg,378,504,jack,19,318,139,488
scaled_20200812_123031.jpg,378,504,jack,250,324,377,500
scaled_20200812_123051.jpg,378,504,ten,140,159,249,305
scaled_20200812_123055.jpg,378,504,ten,136,11,244,156
scaled_20200812_123100.jpg,378,504,ten,132,340,244,497
scaled_20200812_123111.jpg,378,504,ten,246,10,372,175
scaled_20200812_123114.jpg,378,504,ten,10,7,140,175
scaled_20200812_123118.jpg,378,504,ten,13,310,139,489
scaled_20200812_123123.jpg,378,504,ten,231,333,354,504
scaled_20200812_123204.jpg,378,504,ten,141,186,249,335
scaled_20200812_123209.jpg,378,504,ten,125,17,237,167
scaled_20200812_123212.jpg,378,504,ten,131,341,237,490
scaled_20200812_123215.jpg,378,504,ten,7,174,117,323
scaled_20200812_123219.jpg,378,504,ten,242,170,356,323
scaled_20200812_123223.jpg,378,504,ten,257,20,373,175
scaled_20200812_123227.jpg,378,504,ten,12,10,139,179
scaled_20200812_123232.jpg,378,504,ten,9,316,132,488
scaled_20200812_123237.jpg,378,504,ten,243,336,362,504
scaled_20200812_123256.jpg,378,504,ten,137,9,248,151
scaled_20200812_123259.jpg,378,504,ten,130,330,247,490
scaled_20200812_123306.jpg,378,504,ten,232,158,357,324
scaled_20200812_123308.jpg,378,504,ten,237,14,367,179
scaled_20200812_123311.jpg,378,504,ten,14,14,144,184
scaled_20200812_123316.jpg,378,504,ten,9,312,135,488
scaled_20200812_123319.jpg,378,504,ten,244,322,366,494
scaled_20200812_123331.jpg,378,504,ten,135,174,243,317
scaled_20200812_123339.jpg,378,504,ten,140,355,239,494
scaled_20200812_123343.jpg,378,504,ten,135,13,243,161
scaled_20200812_123358.jpg,378,504,ten,9,175,119,327
scaled_20200812_123402.jpg,378,504,ten,250,180,361,329
scaled_20200812_123404.jpg,378,504,ten,244,27,362,180
scaled_20200812_123412.jpg,378,504,ten,9,326,124,488
scaled_20200812_123415.jpg,378,504,ten,243,331,364,500
scaled_20200812_123432.jpg,378,504,nine,136,175,241,316
scaled_20200812_123439.jpg,378,504,nine,131,7,240,153
scaled_20200812_123443.jpg,378,504,nine,128,335,238,487
scaled_20200812_123449.jpg,378,504,nine,9,175,121,329
scaled_20200812_123452.jpg,378,504,nine,246,181,363,340
scaled_20200812_123501.jpg,378,504,nine,3,17,128,181
scaled_20200812_123508.jpg,378,504,nine,245,318,373,496
scaled_20200812_123526.jpg,378,504,nine,133,4,243,150
scaled_20200812_123531.jpg,378,504,nine,133,339,245,492
scaled_20200812_123533.jpg,378,504,nine,6,166,116,316
scaled_20200812_123540.jpg,378,504,nine,242,173,360,332
scaled_20200812_123546.jpg,378,504,nine,11,9,140,179
scaled_20200812_123549.jpg,378,504,nine,5,284,127,457
scaled_20200812_123553.jpg,378,504,nine,235,326,356,496
scaled_20200812_123605.jpg,378,504,nine,137,167,242,311
scaled_20200812_123608.jpg,378,504,nine,134,11,239,152
scaled_20200812_123611.jpg,378,504,nine,128,341,235,492
scaled_20200812_123613.jpg,378,504,nine,9,173,119,324
scaled_20200812_123617.jpg,378,504,nine,246,178,359,332
scaled_20200812_123621.jpg,378,504,nine,248,13,365,162
scaled_20200812_123624.jpg,378,504,nine,9,10,129,173
scaled_20200812_123628.jpg,378,504,nine,15,333,128,494
scaled_20200812_123630.jpg,378,504,nine,248,335,370,504
scaled_20200812_123642.jpg,378,504,nine,143,158,252,303
scaled_20200812_123644.jpg,378,504,nine,132,10,242,154
scaled_20200812_123647.jpg,378,504,nine,131,327,250,485
scaled_20200812_123653.jpg,378,504,nine,242,166,364,329
scaled_20200812_123657.jpg,378,504,nine,233,16,363,190
scaled_20200812_123700.jpg,378,504,nine,15,13,154,196
scaled_20200812_123706.jpg,378,504,nine,231,307,367,493
scaled_20200812_133302.jpg,378,504,ace,122,202,264,306
scaled_20200812_133305.jpg,378,504,ace,123,27,270,133
scaled_20200812_133307.jpg,378,504,ace,15,201,165,309
scaled_20200812_133309.jpg,378,504,ace,204,201,362,312
scaled_20200812_133322.jpg,378,504,ace,107,178,282,304
scaled_20200812_133325.jpg,378,504,ace,110,34,286,160
scaled_20200812_133327.jpg,378,504,ace,16,196,182,319
scaled_20200812_133329.jpg,378,504,ace,121,341,284,460
scaled_20200812_133331.jpg,378,504,ace,208,188,378,310
scaled_20200812_133349.jpg,378,504,ace,102,171,273,292
scaled_20200812_133354.jpg,378,504,ace,95,4,283,139
scaled_20200812_133401.jpg,378,504,ace,86,349,280,488
scaled_20200812_133406.jpg,378,504,ace,180,188,374,326
scaled_20200812_133421.jpg,378,504,ace,100,172,302,316
scaled_20200812_133425.jpg,378,504,ace,9,194,204,336
scaled_20200812_133438.jpg,378,504,ace,98,17,277,140
scaled_20200812_133440.jpg,378,504,ace,194,191,377,321
scaled_20200812_133443.jpg,378,504,ace,96,339,284,478
scaled_20200812_133510.jpg,378,504,king,91,178,293,323
scaled_20200812_133512.jpg,378,504,king,4,192,196,330
scaled_20200812_133515.jpg,378,504,king,103,20,303,162
scaled_20200812_133520.jpg,378,504,king,101,330,315,491
scaled_20200812_133523.jpg,378,504,king,152,174,371,330
scaled_20200812_133544.jpg,378,504,king,11,190,199,323
scaled_20200812_133551.jpg,378,504,king,160,180,370,330
scaled_20200812_133554.JPG,378,504,king,94,14,280,146
scaled_20200812_133608.jpg,378,504,king,83,175,294,326
scaled_20200812_133612.jpg,378,504,king,9,160,227,319
scaled_20200812_133617.jpg,378,504,king,86,23,309,178
scaled_20200812_133621.jpg,378,504,king,159,173,373,326
scaled_20200812_133626.jpg,378,504,king,99,330,301,480
scaled_20200812_133710.jpg,378,504,king,105,198,272,317
scaled_20200812_133713.jpg,378,504,king,12,188,187,317
scaled_20200812_133722.jpg,378,504,king,75,340,287,494
scaled_20200812_133725.jpg,378,504,king,159,190,365,338
scaled_20200812_134752.jpg,378,504,nine,111,194,286,322
scaled_20200812_134755.jpg,378,504,nine,105,30,274,148
scaled_20200812_134800.jpg,378,504,nine,102,344,286,482
scaled_20200812_134803.jpg,378,504,nine,10,179,193,312
scaled_20200812_134826.jpg,378,504,nine,100,185,296,323
scaled_20200812_134833.jpg,378,504,nine,169,191,363,328
scaled_20200812_134836.jpg,378,504,nine,96,341,279,475
scaled_20200812_134839.jpg,378,504,nine,11,181,200,318
scaled_20200812_134856.jpg,378,504,nine,90,178,300,329
scaled_20200812_134901.jpg,378,504,nine,18,181,227,332
scaled_20200812_134905.jpg,378,504,nine,93,17,299,162
scaled_20200812_134909.jpg,378,504,nine,160,178,366,323
scaled_20200812_134913.jpg,378,504,nine,89,349,284,490
scaled_20200812_134932.jpg,378,504,nine,81,191,285,335
scaled_20200812_134937.jpg,378,504,nine,83,6,305,161
scaled_20200812_134944.jpg,378,504,nine,96,344,288,484
scaled_20200812_134950.jpg,378,504,nine,6,187,203,330
scaled_20200812_135813.jpg,378,504,ten,111,198,272,308
scaled_20200812_135822.jpg,378,504,ten,115,34,297,158
scaled_20200812_135825.jpg,378,504,ten,186,183,372,311
scaled_20200812_135839.jpg,378,504,ten,92,183,306,330
scaled_20200812_135846.jpg,378,504,ten,89,17,299,164
scaled_20200812_135849.jpg,378,504,ten,155,181,364,325
scaled_20200812_135851.jpg,378,504,ten,78,323,276,467
scaled_20200812_135905.jpg,378,504,ten,88,19,292,152
scaled_20200812_135908.jpg,378,504,ten,9,180,207,319
scaled_20200812_135910.jpg,378,504,ten,96,334,295,479
scaled_20200812_135913.jpg,378,504,ten,160,181,365,327
scaled_20200812_135921.jpg,378,504,ten,90,184,278,312
scaled_20200812_135924.jpg,378,504,ten,18,182,212,323
scaled_20200812_135929.jpg,378,504,ten,174,195,373,335
scaled_20200812_135946.jpg,378,504,jack,90,193,279,327
scaled_20200812_135952.jpg,378,504,jack,18,168,223,317
scaled_20200812_135955.jpg,378,504,jack,147,175,360,320
scaled_20200812_135957.jpg,378,504,jack,86,342,280,485
scaled_20200812_140006.jpg,378,504,jack,100,185,298,321
scaled_20200812_140012.jpg,378,504,jack,78,332,292,489
scaled_20200812_140014.jpg,378,504,jack,155,187,362,329
scaled_20200812_140018.jpg,378,504,jack,90,34,286,162
scaled_20200812_140031.jpg,378,504,jack,15,175,212,319
scaled_20200812_140033.jpg,378,504,jack,110,29,299,153
scaled_20200812_140036.jpg,378,504,jack,177,178,364,308
scaled_20200812_140038.jpg,378,504,jack,85,330,284,476
scaled_20200812_140109.jpg,378,504,jack,85,184,288,325
scaled_20200812_140113.jpg,378,504,jack,96,18,290,152
scaled_20200812_140116.jpg,378,504,jack,6,179,222,332
scaled_20200812_140118.jpg,378,504,jack,82,332,296,487
scaled_20200812_140121.jpg,378,504,jack,161,190,373,340
scaled_20200812_140133.jpg,378,504,queen,93,24,287,151
scaled_20200812_140136.jpg,378,504,queen,20,175,221,317
scaled_20200812_140138.jpg,378,504,queen,155,186,355,324
scaled_20200812_140141.jpg,378,504,queen,62,337,278,492
scaled_20200812_140153.jpg,378,504,queen,84,26,295,163
scaled_20200812_140155.jpg,378,504,queen,9,174,232,330
scaled_20200812_140159.JPG,378,504,queen,88,296,280,434
scaled_20200812_140208.jpg,378,504,queen,84,168,291,316
scaled_20200812_140211.jpg,378,504,queen,80,11,289,152
scaled_20200812_140219.jpg,378,504,queen,144,178,357,326
scaled_20200812_140222.jpg,378,504,queen,87,340,274,479
scaled_20200812_140231.jpg,378,504,queen,93,184,288,318
scaled_20200812_140237.jpg,378,504,queen,8,167,229,326
scaled_20200812_140240.jpg,378,504,queen,161,188,364,330
scaled_20200812_140242.jpg,378,504,queen,88,337,282,481
scaled_20200814_103140.jpg,378,504,king,221,159,352,320
scaled_20200814_103214.jpg,378,504,king,294,286,373,392
scaled_20200814_103625.jpg,378,504,king,199,221,279,318
scaled_20200814_103715.jpg,378,504,king,108,232,254,333
scaled_20200814_103908.jpg,378,504,king,250,304,369,450
scaled_20200816_115151.jpg,378,504,ace,3,72,155,255
scaled_20200816_115211.jpg,378,504,king,10,204,235,465
scaled_20200816_115321.jpg,378,504,jack,7,327,187,460
scaled_20200816_115354.jpg,378,504,ten,7,7,193,261
scaled_20200816_115414.jpg,378,504,nine,25,41,299,419
scaled_20200816_115457.jpg,378,504,ace,131,14,358,306
scaled_20200816_115739.jpg,378,504,king,140,6,253,157
scaled_20200816_115823.jpg,378,504,queen,154,331,378,493
scaled_20200816_115859.jpg,378,504,ten,21,275,254,442
scaled_20200816_115925.jpg,378,504,nine,247,64,370,135
scaled_20200816_115946.jpg,378,504,ace,27,181,247,323
scaled_20200816_120428.jpg,378,504,queen,162,348,378,502
scaled_20200816_120431.jpg,378,504,ace,23,10,223,147
scaled_20200816_120437.jpg,378,504,ten,163,42,361,181
scaled_20200816_120447.jpg,378,504,nine,205,183,378,329
scaled_20200816_120600.jpg,378,504,king,40,52,205,155
scaled_20200816_120608.jpg,378,504,queen,31,206,244,361
scaled_20200816_120615.jpg,378,504,jack,144,205,378,498
scaled_20200816_120621.jpg,378,504,ten,22,82,215,314
scaled_20200816_120629.jpg,378,504,nine,12,68,304,253
scaled_20200816_120939.jpg,378,504,king,11,1,253,263
scaled_20200816_120943.jpg,378,504,queen,1,188,378,452
scaled_20200816_120946.jpg,378,504,jack,6,7,334,304
scaled_20200816_120952.jpg,378,504,ten,127,30,377,184
scaled_20200816_120959.jpg,378,504,nine,81,201,202,358
scaled_20200816_121013.jpg,378,504,king,176,27,356,222
scaled_20200816_121028.jpg,378,504,queen,79,204,163,332
scaled_20200816_121253.jpg,378,504,queen,224,14,371,200
scaled_20200816_121256.jpg,378,504,jack,60,39,258,224
scaled_20200816_121258.jpg,378,504,nine,5,184,194,397
scaled_20200816_121302.jpg,378,504,jack,11,165,169,325
scaled_20200816_121308.jpg,378,504,ace,85,80,351,374
scaled_20200816_121313.jpg,378,504,ace,95,124,270,356
scaled_20200816_121320.jpg,378,504,ten,11,81,231,336
scaled_20200816_121323.jpg,378,504,nine,90,127,327,412
scaled_20200816_121325.jpg,378,504,ten,7,132,201,358
scaled_20200816_121329.jpg,378,504,queen,196,172,337,323
scaled_20200816_123227.jpg,378,504,queen,181,51,378,187
scaled_20200816_123237.jpg,378,504,jack,39,72,198,172
scaled_20200816_123240.jpg,378,504,ten,13,136,292,420
scaled_20200816_123243.jpg,378,504,nine,66,263,353,488
scaled_20200816_123250.jpg,378,504,king,127,14,370,152
scaled_20200816_123254.jpg,378,504,king,100,185,273,287
scaled_20200816_123301.jpg,378,504,queen,53,368,163,490
scaled_20200816_123307.jpg,378,504,jack,7,184,149,311
scaled_20200816_123312.jpg,378,504,ten,53,17,179,91
scaled_20200816_123316.jpg,378,504,nine,85,62,223,157
scaled_20200816_123531.jpg,378,504,queen,23,347,165,462
scaled_20200816_123538.jpg,378,504,nine,95,53,297,166
scaled_20200816_123540.jpg,378,504,ace,160,42,366,275
scaled_20200816_123547.jpg,378,504,queen,15,286,276,478
scaled_20200816_123556.jpg,378,504,jack,34,111,223,307
scaled_20200816_123601.jpg,378,504,ten,152,84,282,199
scaled_20200816_123606.jpg,378,504,nine,195,168,337,300
scaled_20200816_123947.jpg,378,504,nine,15,160,250,404
scaled_20200816_123952.jpg,378,504,nine,140,42,376,264
scaled_20200816_123954.jpg,378,504,ten,124,284,341,473
scaled_20200816_124006.jpg,378,504,jack,110,162,368,370
scaled_20200816_124008.jpg,378,504,queen,55,25,363,259
scaled_20200816_124015.jpg,378,504,queen,32,160,354,495
scaled_20200816_124028.jpg,378,504,jack,27,165,264,383
scaled_20200816_124044.jpg,378,504,queen,68,127,232,247
scaled_20200816_124048.jpg,378,504,nine,60,268,341,504
scaled_20200816_124100.jpg,378,504,queen,94,271,227,433
scaled_20200816_124104.jpg,378,504,ace,157,145,253,287
scaled_20200816_132536.jpg,378,504,ace,107,14,373,292
scaled_20200816_132542.jpg,378,504,king,1,84,349,436
scaled_20200816_132548.jpg,378,504,jack,165,4,378,280
scaled_20200816_132557.jpg,378,504,ten,22,88,254,343
scaled_20200816_132600.jpg,378,504,nine,42,179,335,389
scaled_20200816_132606.jpg,378,504,king,53,133,350,386
scaled_20200816_132609.jpg,378,504,queen,37,143,324,353
scaled_20200816_132612.jpg,378,504,king,39,146,340,475
scaled_20200816_132624.jpg,378,504,nine,66,59,294,315
scaled_20200816_132627.jpg,378,504,ten,63,130,266,383
scaled_20200816_132635.jpg,378,504,jack,104,236,378,480
scaled_20200816_132713.jpg,378,504,nine,39,162,289,449
scaled_20200816_132715.jpg,378,504,ten,95,64,313,315
scaled_20200816_132729.jpg,378,504,nine,78,185,365,439
scaled_20200816_132732.jpg,378,504,ace,86,210,269,396
scaled_20200816_132750.jpg,378,504,nine,71,155,370,409
scaled_20200816_132752.jpg,378,504,ace,15,96,324,394
scaled_20200816_132753.jpg,378,504,queen,45,120,324,472
scaled_20200816_132806.jpg,378,504,ten,37,204,319,485
scaled_20200816_132808.jpg,378,504,nine,31,97,343,356
scaled_20200816_132809.jpg,378,504,jack,2,113,318,427
scaled_20200816_132946.jpg,378,504,nine,115,87,306,226
scaled_20200816_132948.jpg,378,504,ten,71,144,202,330
scaled_20200816_132957.jpg,378,504,king,86,79,278,289
scaled_20200816_132959.jpg,378,504,queen,57,151,232,378
scaled_20200816_133001.jpg,378,504,jack,47,121,234,376
scaled_20200816_133006.jpg,378,504,nine,99,143,322,339
scaled_20200816_133008.jpg,378,504,king,9,143,210,340
scaled_20200816_133012.jpg,378,504,ten,175,97,351,385
scaled_20200816_133018.jpg,378,504,ten,161,141,337,380
scaled_20200816_133020.jpg,378,504,queen,53,133,328,394
scaled_20200816_133024.jpg,378,504,ten,41,38,224,270
scaled_20200816_133030.jpg,378,504,ace,65,162,309,359
scaled_20200816_133033.jpg,378,504,jack,34,70,237,287
scaled_20200816_133036.jpg,378,504,ace,157,245,357,459
scaled_20200816_133041.jpg,378,504,jack,82,52,315,243
scaled_20200816_133051.jpg,378,504,nine,34,97,197,307
scaled_20200816_133056.jpg,378,504,ace,205,56,350,244
scaled_20200816_133101.jpg,378,504,ace,69,265,229,403
scaled_20200816_133104.jpg,378,504,jack,74,222,184,351
scaled_20200816_133348.jpg,378,504,nine,59,39,286,300
scaled_20200816_133350.jpg,378,504,ten,78,118,268,281
scaled_20200816_133352.jpg,378,504,king,41,44,231,201
scaled_20200816_133358.jpg,378,504,king,159,66,306,236
scaled_20200816_133400.jpg,378,504,queen,60,144,277,391
scaled_20200816_133403.jpg,378,504,queen,125,280,337,436
scaled_20200816_133410.jpg,378,504,ten,134,83,338,241
scaled_20200816_133412.jpg,378,504,queen,44,55,255,266
scaled_20200816_133414.jpg,378,504,ten,52,149,243,379
scaled_20200816_133416.jpg,378,504,nine,50,112,238,338
scaled_20200816_133418.jpg,378,504,ace,60,97,328,294
scaled_20200816_133420.jpg,378,504,king,63,41,292,243
scaled_20200816_133422.jpg,378,504,ten,165,55,366,278
scaled_20200816_133424.jpg,378,504,ace,89,67,291,241
scaled_20200816_133425.jpg,378,504,nine,98,98,306,259
scaled_20200816_133429.jpg,378,504,queen,77,74,276,281
scaled_20200816_133430.jpg,378,504,nine,88,154,323,342
scaled_20200816_133431.jpg,378,504,jack,96,136,305,302
scaled_20200816_133432.jpg,378,504,ace,51,148,345,417
scaled_20200816_133436.jpg,378,504,king,67,136,357,452
scaled_20200816_133605.jpg,378,504,queen,99,165,275,350
scaled_20200816_133607.jpg,378,504,nine,1,26,286,308
scaled_20200816_133609.jpg,378,504,jack,151,100,294,293
scaled_20200816_133611.jpg,378,504,jack,82,139,228,310
scaled_20200816_133613.jpg,378,504,jack,170,130,334,352
scaled_20200816_133615.jpg,378,504,king,50,36,334,304
scaled_20200816_133616.jpg,378,504,king,79,150,320,363
scaled_20200816_133619.jpg,378,504,ten,58,129,248,396
scaled_20200816_133621.jpg,378,504,queen,17,55,237,342
scaled_20200816_133623.jpg,378,504,king,73,74,244,299
scaled_20200816_133625.jpg,378,504,ace,148,148,325,384
scaled_20200816_133627.jpg,378,504,queen,11,121,244,420
scaled_20200816_133628.jpg,378,504,queen,57,77,307,378
scaled_20200816_133632.jpg,378,504,ace,83,136,281,379
scaled_20200816_133641.jpg,378,504,king,133,208,296,439
scaled_20200816_133645.jpg,378,504,ace,160,172,340,384
scaled_20200816_133647.jpg,378,504,nine,146,145,304,340
scaled_20200816_133651.jpg,378,504,ace,44,34,226,275
scaled_20200816_133653.jpg,378,504,ten,41,252,241,413
scaled_20200816_140811.jpg,378,504,queen,47,61,253,310
scaled_20200816_140813.jpg,378,504,queen,21,101,350,379
scaled_20200816_140817.jpg,378,504,jack,111,146,346,409
scaled_20200816_140821.jpg,378,504,jack,97,196,244,394
scaled_20200816_140823.jpg,378,504,nine,42,236,340,487
scaled_20200816_140846.jpg,378,504,queen,115,99,354,368
scaled_20200816_140851.jpg,378,504,king,31,151,237,410
scaled_20200816_140912.jpg,378,504,king,124,189,247,350
scaled_20200816_140918.jpg,378,504,nine,108,261,263,455
scaled_20200816_140923.jpg,378,504,ten,79,188,284,413
scaled_20200816_140926.jpg,378,504,jack,86,240,266,459
scaled_20200816_140928.jpg,378,504,ace,131,82,304,284
scaled_20200816_140930.jpg,378,504,ace,97,186,249,404
scaled_20200816_164237.jpg,378,504,king,124,139,321,368
scaled_20200816_164238.jpg,378,504,jack,67,197,246,426
scaled_20200816_164241.jpg,378,504,ace,78,202,262,435
scaled_20200816_164242.jpg,378,504,ten,214,229,378,444
scaled_20200816_164246.jpg,378,504,ten,30,20,195,225
scaled_20200816_164248.jpg,378,504,jack,125,87,270,273
scaled_20200816_164251.jpg,378,504,jack,188,112,346,304
scaled_20200816_164255.jpg,378,504,ten,29,114,233,373
scaled_20200816_164257.jpg,378,504,king,63,217,264,453
scaled_20200816_164305.jpg,378,504,king,124,42,375,282
scaled_20200816_164820.jpg,378,504,ace,84,133,264,347
scaled_20200816_164823.jpg,378,504,king,26,46,236,295
scaled_20200816_164825.jpg,378,504,nine,167,241,271,433
scaled_20200816_164829.jpg,378,504,nine,55,307,181,484
scaled_20200816_164832.jpg,378,504,ace,151,212,349,494
scaled_20200816_164834.jpg,378,504,queen,84,22,336,349
scaled_20200816_164837.jpg,378,504,nine,142,115,305,283
scaled_20200816_164838.jpg,378,504,queen,81,153,261,299
scaled_20200816_164840.jpg,378,504,nine,93,201,273,360
scaled_20200816_164843.jpg,378,504,ace,183,89,346,340
scaled_20200816_164844.jpg,378,504,ten,110,200,291,436
scaled_20200816_165040.jpg,378,504,ten,237,272,361,452
scaled_20200816_165043.jpg,378,504,jack,162,33,357,223
scaled_20200816_165046.jpg,378,504,ten,89,197,294,395
scaled_20200816_165049.jpg,378,504,queen,92,21,297,165
scaled_20200816_165054.jpg,378,504,king,36,358,185,466
scaled_20200816_165056.jpg,378,504,ten,86,139,284,352
scaled_20200816_165100.jpg,378,504,king,8,62,362,394
scaled_20200816_165104.jpg,378,504,jack,184,207,314,317
scaled_20200816_165454.jpg,378,504,ten,101,3,244,202
scaled_20200816_165458.jpg,378,504,jack,176,3,355,209
scaled_20200816_165502.jpg,378,504,nine,10,10,187,215
scaled_20200816_165506.jpg,378,504,jack,63,320,225,443
scaled_20200816_165521.jpg,378,504,ten,128,223,352,474
scaled_20200816_165535.jpg,378,504,queen,47,78,249,312
scaled_20200816_165542.jpg,378,504,king,1,115,325,483
scaled_20200816_165544.jpg,378,504,jack,46,296,182,467
scaled_20200816_165549.jpg,378,504,ace,76,288,207,472
scaled_20200816_165551.jpg,378,504,ace,164,249,332,437
scaled_20200816_165552.jpg,378,504,jack,40,189,258,348
scaled_20200816_165554.jpg,378,504,nine,37,165,332,375
scaled_20200816_165557.jpg,378,504,ace,26,47,323,371
scaled_20200816_165606.jpg,378,504,king,26,146,337,426
scaled_20200816_165608.jpg,378,504,king,20,91,242,333
scaled_20200816_165610.jpg,378,504,nine,16,117,187,331
scaled_20200816_165614.jpg,378,504,queen,25,167,320,417
scaled_20200816_165643.jpg,378,504,ace,136,188,202,278
scaled_20200816_165646.jpg,378,504,ten,134,198,230,307
scaled_20200816_170126.jpg,378,504,ten,80,145,277,372
scaled_20200816_170131.jpg,378,504,ace,12,35,239,220
scaled_20200816_170137.jpg,378,504,jack,81,67,258,262
scaled_20200816_170140.jpg,378,504,king,51,252,307,449
scaled_20200816_170152.jpg,378,504,jack,58,296,249,476
scaled_20200816_170202.jpg,378,504,queen,78,186,336,364
scaled_20200816_170217.jpg,378,504,nine,81,151,216,298
scaled_20200816_170220.jpg,378,504,queen,48,158,216,360
scaled_20200816_170222.jpg,378,504,king,71,149,300,378
scaled_20200816_170229.jpg,378,504,king,107,107,350,364
scaled_20200816_170231.jpg,378,504,queen,155,128,316,342
scaled_20200816_170233.jpg,378,504,ace,138,205,364,439
scaled_20200816_170236.jpg,378,504,nine,104,217,306,413
scaled_20200816_170238.jpg,378,504,jack,142,125,336,341
scaled_20200816_170242.jpg,378,504,nine,85,79,326,373
scaled_20200816_170245.jpg,378,504,ten,84,58,315,322
scaled_20200816_170428.jpg,378,504,ten,86,243,262,455
scaled_20200816_170430.jpg,378,504,ten,21,263,199,449
scaled_20200816_170433.jpg,378,504,queen,11,25,171,246
scaled_20200816_170438.jpg,378,504,queen,216,91,320,248
scaled_20200816_170440.jpg,378,504,nine,47,192,136,297
scaled_20200816_170443.jpg,378,504,nine,65,151,164,310
scaled_20200816_170446.jpg,378,504,ace,26,87,162,252
scaled_20200816_170448.jpg,378,504,queen,142,30,275,221
scaled_20200816_170508.jpg,378,504,king,126,156,337,452
scaled_20200816_170515.jpg,378,504,king,202,43,362,269
scaled_20200816_170527.jpg,378,504,ace,184,10,348,223
scaled_20200816_170543.jpg,378,504,jack,120,207,340,501
scaled_20200816_170546.jpg,378,504,king,20,205,194,450
scaled_20200816_170548.jpg,378,504,ten,127,242,281,459
scaled_20200816_170551.jpg,378,504,nine,69,200,249,430
scaled_20200816_174928.jpg,378,504,jack,43,133,301,400
scaled_20200816_180741.jpg,378,504,ace,44,65,200,271
scaled_20200816_183103.jpg,378,504,king,14,39,124,176
scaled_20200816_183110.jpg,378,504,queen,101,323,191,456
scaled_20200816_183121.jpg,378,504,queen,30,98,162,265
scaled_20200816_183129.jpg,378,504,queen,26,31,172,193
scaled_20200816_183132.jpg,378,504,jack,228,47,353,143
scaled_20200816_183136.jpg,378,504,ten,142,32,271,158
scaled_20200816_183157.jpg,504,378,king,286,169,431,287
scaled_20200816_183252.jpg,378,504,jack,191,317,278,443
scaled_20200816_183312.jpg,378,504,nine,158,243,249,375
scaled_20200816_183435.jpg,378,504,king,129,162,213,269
scaled_20200816_183440.jpg,378,504,king,127,344,216,468
scaled_20200816_183647.jpg,504,378,king,299,139,424,246
scaled_IMG_3520.JPG,378,504,nine,138,249,257,378
scaled_IMG_3521.JPG,378,504,ten,128,233,298,406
scaled_IMG_3522.JPG,378,504,jack,99,126,325,343
scaled_IMG_3523.JPG,378,504,queen,115,147,291,369
scaled_IMG_3524.JPG,378,504,king,119,148,312,339
scaled_IMG_3525.JPG,378,504,ace,99,170,254,349
scaled_IMG_3526.JPG,378,504,ace,135,251,295,462
scaled_IMG_3528.JPG,378,504,nine,125,208,253,361
scaled_IMG_3529.JPG,378,504,queen,115,178,268,346
scaled_IMG_3530.JPG,378,504,jack,81,203,254,391
scaled_IMG_3531.JPG,378,504,king,58,201,245,397
scaled_IMG_3532.JPG,378,504,queen,82,191,254,385
scaled_IMG_3533.JPG,378,504,nine,165,98,287,257
scaled_IMG_3534.JPG,378,504,king,85,195,258,322
scaled_IMG_3535.JPG,378,504,jack,128,163,272,352
scaled_IMG_3536.JPG,378,504,ace,138,135,305,313
scaled_IMG_3538.JPG,378,504,nine,131,248,254,412
scaled_IMG_3540.JPG,378,504,jack,123,217,303,411
scaled_IMG_3541.JPG,378,504,ten,130,289,251,405
scaled_IMG_3542.JPG,378,504,ten,100,111,286,330
scaled_IMG_3543.JPG,378,504,jack,68,163,254,344
scaled_IMG_3544.JPG,378,504,king,123,188,309,381
scaled_IMG_3545.JPG,378,504,king,116,258,219,402
scaled_IMG_3546.JPG,378,504,ace,99,236,247,439
scaled_IMG_3547.JPG,378,504,nine,123,230,240,386
scaled_IMG_3548.JPG,378,504,queen,40,248,149,385
scaled_IMG_3551.JPG,378,504,jack,95,220,267,419
scaled_IMG_3553.JPG,378,504,ten,113,262,257,467
scaled_IMG_3554.JPG,378,504,king,197,181,328,349
scaled_IMG_3555.JPG,378,504,ace,78,194,222,393
scaled_IMG_3556.JPG,378,504,nine,73,139,271,362
scaled_IMG_3557.JPG,378,504,ace,41,117,241,352
scaled_IMG_3559.JPG,378,504,queen,112,106,270,311
scaled_IMG_3561.JPG,378,504,jack,153,177,301,358
scaled_IMG_3562.JPG,378,504,king,127,176,257,352
scaled_IMG_3563.JPG,378,504,ten,197,240,330,414
scaled_IMG_3564.JPG,378,504,nine,109,195,254,385
scaled_IMG_3565.JPG,378,504,queen,74,214,218,382
scaled_IMG_3566.JPG,378,504,ace,125,189,272,373
scaled_IMG_3567.JPG,378,504,ace,120,179,256,354
scaled_IMG_3569.JPG,378,504,ten,173,184,308,339
scaled_IMG_3571.JPG,378,504,king,120,169,265,362
scaled_IMG_3572.JPG,378,504,nine,53,181,233,386
scaled_IMG_3574.JPG,378,504,ace,136,127,329,330
scaled_IMG_3575.JPG,378,504,queen,138,224,245,371
scaled_IMG_3576.JPG,378,504,ten,122,179,260,343
scaled_IMG_3577.JPG,378,504,jack,131,203,310,397
scaled_IMG_3578.JPG,378,504,king,114,163,298,339
scaled_IMG_3579.JPG,378,504,ten,101,186,257,368
scaled_IMG_3582.JPG,378,504,jack,79,146,288,376
scaled_IMG_3583.JPG,378,504,ace,150,166,268,330
scaled_IMG_3585.JPG,378,504,king,111,130,215,273
scaled_IMG_3586.JPG,378,504,ten,138,177,278,353
scaled_IMG_3587.JPG,378,504,queen,124,270,250,426
scaled_IMG_3588.JPG,378,504,nine,131,149,254,297
scaled_IMG_3589.JPG,378,504,ace,110,152,253,327
scaled_IMG_3590.JPG,378,504,jack,138,140,270,295
scaled_IMG_3596.JPG,378,504,queen,98,163,293,368
scaled_IMG_3597.JPG,378,504,nine,90,92,278,262
scaled_IMG_3598.JPG,378,504,ace,60,132,267,328
scaled_IMG_3599.JPG,378,504,jack,80,161,307,383
scaled_IMG_3600.JPG,378,504,ace,150,180,291,368
scaled_IMG_3601.JPG,378,504,jack,96,194,289,332
scaled_IMG_3602.JPG,378,504,ten,107,120,289,314
scaled_IMG_3603.JPG,378,504,queen,102,177,229,346
scaled_IMG_3604.JPG,378,504,king,119,176,272,350
scaled_IMG_3605.JPG,378,504,nine,129,249,228,389
scaled_IMG_3606.JPG,378,504,nine,109,172,236,334
scaled_IMG_3607.JPG,378,504,ace,112,131,289,318
scaled_IMG_3608.JPG,378,504,jack,138,153,295,330
scaled_IMG_3610.JPG,378,504,queen,72,179,264,373
scaled_IMG_3611.JPG,378,504,king,125,142,242,299
scaled_IMG_3612.JPG,378,504,nine,162,178,251,300
scaled_IMG_3613.JPG,378,504,jack,105,146,254,310
scaled_IMG_3615.JPG,378,504,king,122,162,247,330
scaled_IMG_3616.JPG,378,504,queen,90,234,212,389
scaled_IMG_3617.JPG,378,504,ace,133,174,258,343
scaled_IMG_3625.JPG,378,504,nine,118,177,232,331
scaled_IMG_3626.JPG,378,504,ace,162,187,284,363
scaled_IMG_3628.JPG,378,504,ten,95,194,225,350
scaled_IMG_3629.JPG,378,504,king,138,175,276,364
scaled_IMG_3631.JPG,378,504,ace,98,157,254,373
scaled_IMG_3642.JPG,378,504,king,125,190,254,368
scaled_IMG_3643.JPG,378,504,jack,86,177,284,367
scaled_IMG_3644.JPG,378,504,nine,151,188,264,345
scaled_IMG_3645.JPG,378,504,ace,115,181,296,363
scaled_IMG_3646.JPG,378,504,ten,115,180,277,326
scaled_IMG_3647.JPG,378,504,ten,101,138,275,336
scaled_IMG_3648.JPG,378,504,ace,101,141,289,349
scaled_IMG_3649.JPG,378,504,nine,104,143,260,337
scaled_IMG_3650.JPG,378,504,jack,82,131,289,353
scaled_IMG_3651.JPG,378,504,king,67,138,289,388
scaled_IMG_3652.JPG,378,504,queen,64,134,302,363
scaled_IMG_3653.JPG,378,504,queen,108,183,243,349
scaled_IMG_3654.JPG,378,504,jack,103,244,251,423
scaled_IMG_3655.JPG,378,504,king,93,242,260,423
scaled_IMG_3656.JPG,378,504,nine,115,267,253,367
scaled_IMG_3657.JPG,378,504,ace,68,258,241,433
scaled_IMG_3658.JPG,378,504,ten,54,287,204,450
scaled_IMG_3659.JPG,378,504,queen,106,238,248,391
scaled_IMG_3660.JPG,378,504,jack,124,190,253,358
scaled_IMG_3732.JPG,378,504,ten,69,171,193,296
scaled_IMG_3733.JPG,378,504,jack,213,126,329,256
scaled_IMG_3734.JPG,378,504,queen,108,149,234,291
scaled_IMG_3735.JPG,378,504,king,27,243,189,415
scaled_IMG_3736.JPG,378,504,ace,147,83,265,235
scaled_IMG_3737.JPG,378,504,king,70,147,231,323
scaled_IMG_3739.JPG,378,504,queen,96,198,228,359
scaled_IMG_3740.JPG,378,504,jack,157,224,283,365
scaled_IMG_3741.JPG,378,504,ten,126,204,288,383
scaled_IMG_3743.JPG,378,504,nine,61,174,226,362
scaled_IMG_3744.JPG,378,504,ten,125,207,289,332
scaled_IMG_3745.JPG,378,504,jack,50,32,192,228
scaled_IMG_3746.JPG,378,504,queen,173,258,333,423
scaled_IMG_3748.JPG,378,504,ace,158,185,273,325
scaled_IMG_3749.JPG,378,504,nine,57,96,235,259
scaled_IMG_3751.JPG,378,504,queen,114,129,304,328
scaled_IMG_3755.JPG,378,504,ten,179,136,309,277
scaled_IMG_3756.JPG,378,504,nine,180,202,347,380
scaled_IMG_3758.JPG,378,504,jack,135,215,231,337
scaled_IMG_3760.JPG,378,504,king,85,136,274,333
scaled_IMG_3761.JPG,378,504,ace,83,184,264,317
scaled_IMG_3764.JPG,378,504,king,134,210,338,409
scaled_IMG_3767.JPG,378,504,ten,106,295,252,405
scaled_IMG_3769.JPG,378,504,nine,203,204,311,332
scaled_IMG_3771.JPG,378,504,ten,160,226,284,372
scaled_IMG_3772.JPG,378,504,jack,64,178,173,321
scaled_IMG_3773.JPG,378,504,queen,178,120,296,274
scaled_IMG_3774.JPG,378,504,king,55,153,185,305
scaled_IMG_3775.JPG,378,504,ace,133,227,285,423
scaled_IMG_3776.JPG,378,504,ace,206,223,332,364
scaled_IMG_3777.JPG,378,504,king,42,150,157,304
scaled_IMG_3779.JPG,378,504,jack,73,220,205,390
scaled_IMG_3780.JPG,378,504,ten,71,171,242,363
scaled_IMG_3782.JPG,378,504,nine,57,273,263,430
scaled_IMG_3783.JPG,378,504,ten,147,245,269,411
scaled_IMG_3785.JPG,378,504,jack,11,68,222,332
scaled_IMG_3787.JPG,378,504,king,28,114,213,340
scaled_IMG_3789.JPG,378,504,ace,59,156,300,432
scaled_IMG_3790.JPG,378,504,king,26,142,266,407
scaled_IMG_3791.JPG,378,504,queen,99,100,320,381
scaled_IMG_3792.JPG,378,504,jack,61,208,342,473
scaled_IMG_3793.JPG,378,504,ten,129,194,323,456
scaled_IMG_3794.JPG,378,504,nine,54,106,234,329
scaled_IMG_3795.JPG,378,504,nine,178,187,294,348
scaled_IMG_3798.JPG,378,504,ten,147,219,274,378
scaled_IMG_3799.JPG,378,504,jack,26,181,155,350
scaled_IMG_3800.JPG,378,504,queen,170,210,307,306
scaled_IMG_3801.JPG,378,504,king,45,100,244,358
scaled_IMG_3802.JPG,378,504,ace,68,188,192,346
scaled_IMG_3803.JPG,378,504,nine,178,72,331,279
scaled_IMG_3804.JPG,378,504,ten,48,157,174,328
scaled_IMG_3805.JPG,378,504,jack,169,78,284,241
scaled_IMG_3808.JPG,378,504,ace,131,190,255,355
scaled_IMG_3809.JPG,378,504,ace,117,164,322,414
scaled_IMG_3810.JPG,378,504,king,94,114,213,279
scaled_IMG_3811.JPG,378,504,queen,134,231,267,417
scaled_IMG_3812.JPG,378,504,jack,28,228,231,481
scaled_IMG_3813.JPG,378,504,ten,48,81,183,259
scaled_IMG_3814.JPG,378,504,nine,106,45,247,239
scaled_IMG_3815.JPG,378,504,nine,99,251,237,437
scaled_IMG_3816.JPG,378,504,ten,122,41,291,178
scaled_IMG_3817.JPG,378,504,jack,185,26,358,240
scaled_IMG_3818.JPG,378,504,queen,206,82,334,258
scaled_IMG_3819.JPG,378,504,king,121,204,288,355
scaled_IMG_3822.JPG,378,504,ace,79,190,209,349
scaled_IMG_3823.JPG,378,504,king,80,161,281,347
scaled_IMG_3824.JPG,378,504,queen,35,129,242,352
scaled_IMG_3826.JPG,378,504,jack,126,65,342,280
scaled_IMG_3827.JPG,378,504,ten,124,315,334,467
scaled_IMG_3828.JPG,378,504,ace,113,188,280,384
scaled_IMG_3829.JPG,378,504,king,70,41,287,234
scaled_IMG_3830.JPG,378,504,nine,25,23,230,187
scaled_IMG_3831.JPG,378,504,jack,51,176,306,443
scaled_IMG_3832.JPG,378,504,ten,48,39,247,215
scaled_IMG_3833.JPG,378,504,queen,25,51,181,224
scaled_IMG_3834.JPG,378,504,nine,54,168,210,342
scaled_IMG_3835.JPG,378,504,ten,119,236,275,449
scaled_IMG_3836.JPG,378,504,jack,102,140,281,339
scaled_IMG_3837.JPG,378,504,queen,53,110,253,336
scaled_IMG_3838.JPG,378,504,king,46,68,205,262
scaled_IMG_3839.JPG,378,504,ace,164,181,337,309
scaled_IMG_3840.JPG,378,504,ace,64,199,256,354
scaled_IMG_3842.JPG,378,504,queen,174,238,323,447
scaled_IMG_3843.JPG,378,504,jack,76,260,292,427
scaled_IMG_3846.JPG,378,504,nine,83,150,293,392
scaled_IMG_3847.JPG,378,504,nine,85,132,231,331
scaled_IMG_3849.JPG,378,504,jack,110,148,281,384
scaled_IMG_3851.JPG,378,504,king,94,63,273,314
scaled_IMG_3853.JPG,378,504,ace,188,99,306,262
scaled_IMG_3854.JPG,378,504,king,172,220,314,404
scaled_IMG_3856.JPG,378,504,jack,132,74,252,229
scaled_IMG_3857.JPG,378,504,ten,82,188,266,323
scaled_IMG_3858.JPG,378,504,nine,170,189,352,316
scaled_IMG_3885.JPG,378,504,ace,129,219,266,402
scaled_IMG_3886.JPG,378,504,ace,9,287,230,493
scaled_IMG_3887.JPG,378,504,ace,27,30,166,224
scaled_IMG_3888.JPG,378,504,ace,37,294,152,435
scaled_IMG_3889.JPG,378,504,ace,59,119,191,300
scaled_IMG_3890.JPG,378,504,ace,95,207,294,428
scaled_IMG_3891.JPG,378,504,ace,182,242,357,432
scaled_IMG_3892.JPG,378,504,ace,240,291,357,427
scaled_IMG_3893.JPG,378,504,ace,83,244,242,426
scaled_IMG_3894.JPG,378,504,ace,60,104,206,251
scaled_IMG_3895.JPG,378,504,ace,147,281,311,457
scaled_IMG_3896.JPG,378,504,ace,132,347,284,475
scaled_IMG_3897.JPG,378,504,ace,81,120,206,286
scaled_IMG_3898.JPG,378,504,ace,111,323,248,496
scaled_IMG_3899.JPG,378,504,ace,120,128,251,220
scaled_IMG_3900.JPG,378,504,ace,196,211,335,397
scaled_IMG_3901.JPG,378,504,ace,93,257,273,392
scaled_IMG_3903.JPG,378,504,king,52,218,188,371
scaled_IMG_3904.JPG,378,504,king,72,133,225,291
scaled_IMG_3905.JPG,378,504,king,181,248,301,413
scaled_IMG_3907.JPG,378,504,king,103,243,238,419
scaled_IMG_3908.JPG,378,504,king,108,210,299,388
scaled_IMG_3910.JPG,378,504,king,112,231,323,385
scaled_IMG_3911.JPG,378,504,king,95,306,331,498
scaled_IMG_3912.JPG,378,504,king,35,172,244,417
scaled_IMG_3913.JPG,378,504,king,25,172,224,365
scaled_IMG_3914.JPG,378,504,king,150,93,349,244
scaled_IMG_3915.JPG,378,504,king,106,102,266,305
scaled_IMG_3916.JPG,378,504,king,167,118,286,301
scaled_IMG_3917.JPG,378,504,king,17,268,192,465
scaled_IMG_3918.JPG,378,504,king,2,236,224,485
scaled_IMG_3921.JPG,378,504,king,129,266,249,448
scaled_IMG_3922.JPG,378,504,king,93,116,234,298
scaled_IMG_3924.JPG,378,504,queen,152,176,294,339
scaled_IMG_3925.JPG,378,504,queen,150,194,328,356
scaled_IMG_3926.JPG,378,504,queen,76,160,194,330
scaled_IMG_3927.JPG,378,504,queen,230,199,331,354
scaled_IMG_3928.JPG,378,504,queen,109,204,268,381
scaled_IMG_3929.JPG,378,504,queen,163,214,316,392
scaled_IMG_3930.JPG,378,504,queen,180,270,278,399
scaled_IMG_3931.JPG,378,504,queen,77,168,175,286
scaled_IMG_3932.JPG,378,504,queen,75,134,184,288
scaled_IMG_3933.JPG,378,504,queen,146,271,321,435
scaled_IMG_3934.JPG,378,504,queen,211,69,312,196
scaled_IMG_3935.JPG,378,504,queen,61,144,227,317
scaled_IMG_3936.JPG,378,504,queen,209,246,347,405
scaled_IMG_3937.JPG,378,504,queen,31,165,149,318
scaled_IMG_3938.JPG,378,504,queen,186,186,333,345
scaled_IMG_3939.JPG,378,504,queen,28,170,228,375
scaled_IMG_3940.JPG,378,504,queen,16,159,228,383
scaled_IMG_3941.JPG,378,504,queen,48,231,227,359
scaled_IMG_3942.JPG,378,504,queen,23,224,182,418
scaled_IMG_3943.JPG,378,504,queen,127,230,338,451
scaled_IMG_3944.JPG,378,504,queen,28,155,194,335
scaled_IMG_3945.JPG,378,504,queen,146,249,313,446
scaled_IMG_3946.JPG,378,504,queen,252,226,350,357
scaled_IMG_3947.JPG,378,504,queen,216,149,334,290
scaled_IMG_3948.JPG,378,504,queen,142,122,299,311
scaled_IMG_3949.JPG,378,504,queen,3,210,224,439
scaled_IMG_3950.JPG,378,504,queen,64,175,215,368
scaled_IMG_3951.JPG,378,504,queen,88,191,327,374
scaled_IMG_3954.JPG,378,504,jack,109,301,268,420
scaled_IMG_3957.JPG,378,504,jack,82,202,203,357
scaled_IMG_3960.JPG,378,504,jack,49,139,206,355
scaled_IMG_3965.JPG,378,504,jack,97,268,312,453
scaled_IMG_3969.JPG,378,504,jack,142,157,322,286
scaled_IMG_3972.JPG,378,504,ten,151,159,286,264
scaled_IMG_3973.JPG,378,504,ten,160,119,271,277
scaled_IMG_3976.JPG,378,504,ten,45,171,217,391
scaled_IMG_3979.JPG,378,504,ten,118,149,295,394
scaled_IMG_3980.JPG,378,504,ten,99,301,283,444
scaled_IMG_3982.JPG,378,504,ten,70,44,203,239
scaled_IMG_3983.JPG,378,504,ten,179,248,338,435
scaled_IMG_3985.JPG,378,504,ten,61,44,273,272
scaled_IMG_3988.JPG,378,504,ten,167,219,358,456
scaled_IMG_3990.JPG,378,504,ten,51,147,215,361
scaled_IMG_3991.JPG,378,504,ten,123,268,268,470
scaled_IMG_3992.JPG,378,504,ten,70,217,315,413
scaled_IMG_3994.JPG,378,504,ten,62,58,243,207
scaled_IMG_3995.JPG,378,504,ten,139,259,300,467
scaled_IMG_3996.JPG,378,504,ten,126,254,303,484
scaled_IMG_3997.JPG,378,504,ten,74,216,249,433
scaled_IMG_3998.JPG,378,504,ten,56,144,214,320
scaled_IMG_3999.JPG,378,504,ten,197,74,331,230
scaled_IMG_4001.JPG,378,504,nine,74,244,228,432
scaled_IMG_4004.JPG,378,504,nine,96,60,215,223
scaled_IMG_4008.JPG,378,504,nine,35,269,229,470
scaled_IMG_4012.JPG,378,504,nine,59,179,215,366
scaled_IMG_4013.JPG,378,504,nine,152,90,323,282
scaled_IMG_4014.JPG,378,504,nine,75,228,234,395
scaled_IMG_4016.JPG,378,504,nine,169,148,336,293
scaled_IMG_4018.JPG,378,504,nine,89,297,245,504
scaled_IMG_4019.JPG,378,504,nine,9,268,173,478
scaled_IMG_4020.JPG,378,504,nine,67,226,297,407
scaled_IMG_4021.JPG,378,504,nine,58,325,250,475
scaled_IMG_4022.JPG,378,504,nine,25,279,267,486
